nome,camada,data,data_original,hora_marcador,status_data,uf,endereco_ou_localizacao,latitude,longitude,link,site_leiloeiro,fonte_data_hora,link_edital,resumo_edital,descricao
[PÁTIO DO LEILOEIRO] VIP LEILÕES MANAUS - AM,[PÁTIO DO LEILOEIRO],,,,sem_data,AM,"R. Visc. de Sinimbú - Flores, Manaus - AM, 69058-790",,,https://www.vipleiloes.com.br/,https://www.vipleiloes.com.br/,mapa,,,• Pátio de leiloeiro (leilões diários/semanais) • Entre no site e veja se há leilão ativo nesse pátio.
[PÁTIO DO LEILOEIRO] VIP LEILÕES SALVADOR - BA,[PÁTIO DO LEILOEIRO],,,,sem_data,BA,"R. Nafta, 717 - Polo Petroquímico, Camaçari - BA, 42810-210",,,https://www.vipleiloes.com.br/,https://www.vipleiloes.com.br/,mapa,,,• Pátio de leiloeiro (leilões diários/semanais) • Entre no site e veja se há leilão ativo nesse pátio.
[PÁTIO DO LEILOEIRO] VIP LEILÕES FORTALEZA - CE,[PÁTIO DO LEILOEIRO],,,,sem_data,CE,"Campo Grande, Caucaia - CE, 61680-000",,,https://www.vipleiloes.com.br/,https://www.vipleiloes.com.br/,mapa,,,• Pátio de leiloeiro (leilões diários/semanais) • Entre no site e veja se há leilão ativo nesse pátio.
[PÁTIO DO LEILOEIRO] VIP LEILÕES GOIANA - GO,[PÁTIO DO LEILOEIRO],,,,sem_data,GO,"Av. Castelo Branco, 5360, Esplanada dos Ancuns - Goiania 74433-030",,,https://www.vipleiloes.com.br/,https://www.vipleiloes.com.br/,mapa,,,• Pátio de leiloeiro (leilões diários/semanais) • Entre no site e veja se há leilão ativo nesse pátio.
[PÁTIO DO LEILOEIRO] VIP LEILÕES IMPERATRIZ - MA,[PÁTIO DO LEILOEIRO],,,,sem_data,MA,"Campo Grande, Caucaia - CE, 61680-000",,,https://www.vipleiloes.com.br/,https://www.vipleiloes.com.br/,mapa,,,• Pátio de leiloeiro (leilões diários/semanais) • Entre no site e veja se há leilão ativo nesse pátio.
[PÁTIO DO LEILOEIRO] VIP LEILÕES SÃO LUIS - MA,[PÁTIO DO LEILOEIRO],,,,sem_data,MA,"Av. Engenheiro Emiliano Maciera Km 7, nº 5 - Maracana/São Luis",,,https://www.vipleiloes.com.br/,https://www.vipleiloes.com.br/,mapa,,,• Pátio de leiloeiro (leilões diários/semanais) • Entre no site e veja se há leilão ativo nesse pátio.
[PÁTIO DO LEILOEIRO] VIP LEILÕES VÁRZEA GRANDE - MT,[PÁTIO DO LEILOEIRO],,,,sem_data,MT,"Governador Julio Domingos de Campos, 4975 - Marajoara/Várzera Grande 78138-198",,,https://www.vipleiloes.com.br/,https://www.vipleiloes.com.br/,mapa,,,• Pátio de leiloeiro (leilões diários/semanais) • Entre no site e veja se há leilão ativo nesse pátio.
[PÁTIO DO LEILOEIRO] VIP LEILÕES BETIM - MG,[PÁTIO DO LEILOEIRO],,,,sem_data,MG,"Av. Engenheiro Gerhard Ett, 1525 - D - Paulo Camilo 3/Betim 32669-110",,,https://www.vipleiloes.com.br/,https://www.vipleiloes.com.br/,mapa,,,• Pátio de leiloeiro (leilões diários/semanais) • Entre no site e veja se há leilão ativo nesse pátio.
[PÁTIO DO LEILOEIRO] VIP LEILÕES MARITUBA - PA,[PÁTIO DO LEILOEIRO],,,,sem_data,PA,"Alça Viária do Pará, 888, Marituba - PA, 67000-000",,,https://www.vipleiloes.com.br/,https://www.vipleiloes.com.br/,mapa,,,• Pátio de leiloeiro (leilões diários/semanais) • Entre no site e veja se há leilão ativo nesse pátio.
[PÁTIO DO LEILOEIRO] VIP LEILÕES MARABÁ - PA,[PÁTIO DO LEILOEIRO],,,,sem_data,PA,"BR-222, 03 - São Félix, Marabá - PA",,,https://www.vipleiloes.com.br/,https://www.vipleiloes.com.br/,mapa,,,• Pátio de leiloeiro (leilões diários/semanais) • Entre no site e veja se há leilão ativo nesse pátio.
[PÁTIO DO LEILOEIRO] VIP LEILÕES PARAUPEBAS - PA,[PÁTIO DO LEILOEIRO],,,,sem_data,PA,Rodovia Faruk Salmen KM 04 - Zona Rural/Parauapebas 68515-000,,,https://www.vipleiloes.com.br/,https://www.vipleiloes.com.br/,mapa,,,• Pátio de leiloeiro (leilões diários/semanais) • Entre no site e veja se há leilão ativo nesse pátio.
[PÁTIO DO LEILOEIRO] VIP LEILÕES SANTARÉM - PA,[PÁTIO DO LEILOEIRO],,,,sem_data,PA,"Rua SANTANA, 474, Salé/Santarém 68040-200",,,https://www.vipleiloes.com.br/,https://www.vipleiloes.com.br/,mapa,,,• Pátio de leiloeiro (leilões diários/semanais) • Entre no site e veja se há leilão ativo nesse pátio.
[PÁTIO DO LEILOEIRO] VIP LEILÕES COLOMBO - PR,[PÁTIO DO LEILOEIRO],,,,sem_data,PR,"R. Pedro Zanetti, 142 - Jardim Canguiri, Colombo - PR, 83412-585",,,https://www.vipleiloes.com.br/,https://www.vipleiloes.com.br/,mapa,,,• Pátio de leiloeiro (leilões diários/semanais) • Entre no site e veja se há leilão ativo nesse pátio.
[PÁTIO DO LEILOEIRO] VIP LEILÕES CURITIBA - PR,[PÁTIO DO LEILOEIRO],,,,sem_data,PR,"R. Amadeu Assad Yassim, 380 - Bacacheri, Curitiba - PR, 82520-800",,,https://www.vipleiloes.com.br/,https://www.vipleiloes.com.br/,mapa,,,• Pátio de leiloeiro (leilões diários/semanais) • Entre no site e veja se há leilão ativo nesse pátio.
[PÁTIO DO LEILOEIRO] VIP LEILÕES RECIFE PAULISTA - PE,[PÁTIO DO LEILOEIRO],,,,sem_data,PE,"Av. Severino Josino Guerra, 20, Paulista - PE, 53413-195",,,https://www.vipleiloes.com.br/,https://www.vipleiloes.com.br/,mapa,,,• Pátio de leiloeiro (leilões diários/semanais) • Entre no site e veja se há leilão ativo nesse pátio.
[PÁTIO DO LEILOEIRO] VIP LEILÕES FLORIANO - PI,[PÁTIO DO LEILOEIRO],,,,sem_data,PI,"R. Sete de Setembro, 1260 - São Cristóvão, Floriano - PI, 64800-850",,,https://www.vipleiloes.com.br/,https://www.vipleiloes.com.br/,mapa,,,• Pátio de leiloeiro (leilões diários/semanais) • Entre no site e veja se há leilão ativo nesse pátio.
[PÁTIO DO LEILOEIRO] VIP LEILÕES PARANAÍBA - PI,[PÁTIO DO LEILOEIRO],,,,sem_data,PI,"Rua Evandro Lins e Silva, R. Evandro Lins e Silva - Piauí, Parnaíba - PI, 64211-210, Brasil",,,https://www.vipleiloes.com.br/,https://www.vipleiloes.com.br/,mapa,,,• Pátio de leiloeiro (leilões diários/semanais) • Entre no site e veja se há leilão ativo nesse pátio.
[PÁTIO DO LEILOEIRO] VIP LEILÕES PICOS - PI,[PÁTIO DO LEILOEIRO],,,,sem_data,PI,"R. Ducarmo Nunes, 80 - Ipueiras, Picos - PI, 64600-000",,,https://www.vipleiloes.com.br/,https://www.vipleiloes.com.br/,mapa,,,• Pátio de leiloeiro (leilões diários/semanais) • Entre no site e veja se há leilão ativo nesse pátio.
[PÁTIO DO LEILOEIRO] VIP LEILÕES TERESINA - PI,[PÁTIO DO LEILOEIRO],,,,sem_data,PI,"Av. Dr. Josué de Moura Santos, 6576 - Pedra Mole, Teresina - PI, 64011-500",,,https://www.vipleiloes.com.br/,https://www.vipleiloes.com.br/,mapa,,,• Pátio de leiloeiro (leilões diários/semanais) • Entre no site e veja se há leilão ativo nesse pátio.
[PÁTIO DO LEILOEIRO] VIP LEILÕES RIO DE JANEIRO - RJ,[PÁTIO DO LEILOEIRO],,,,sem_data,RJ,"Av. Brasil, 14000 B - Rio de Janeiro",,,https://www.vipleiloes.com.br/,https://www.vipleiloes.com.br/,mapa,,,• Pátio de leiloeiro (leilões diários/semanais) • Entre no site e veja se há leilão ativo nesse pátio.
[PÁTIO DO LEILOEIRO] VIP LEILÕES RIO GRANDE - RS,[PÁTIO DO LEILOEIRO],,,,sem_data,RS,"Av. Antônio Batista, 595 - Santa Cecília, Viamão - RS, 94495-020",,,https://www.vipleiloes.com.br/,https://www.vipleiloes.com.br/,mapa,,,• Pátio de leiloeiro (leilões diários/semanais) • Entre no site e veja se há leilão ativo nesse pátio.
[PÁTIO DO LEILOEIRO] VIP LEILÕES PORTO VELHO - RO,[PÁTIO DO LEILOEIRO],,,,sem_data,RO,"Av. Rio Madeira, 612 - Agenor M. de Carvalho, Porto Velho - RO, 76820-713",,,https://www.vipleiloes.com.br/,https://www.vipleiloes.com.br/,mapa,,,• Pátio de leiloeiro (leilões diários/semanais) • Entre no site e veja se há leilão ativo nesse pátio.
[PÁTIO DO LEILOEIRO] VIP LEILÕES ILHOTA - SC,[PÁTIO DO LEILOEIRO],,,,sem_data,SC,"BR-470, Ilhota - SC",,,https://www.vipleiloes.com.br/ | https://maps.app.goo.gl/vZ88a7Dmgi58xJJ67,https://www.vipleiloes.com.br/,mapa,,,• Pátio de leiloeiro (leilões diários/semanais) • Entre no site e veja se há leilão ativo nesse pátio.
[PÁTIO DO LEILOEIRO] VIP LEILÕES VALINHOS - SP,[PÁTIO DO LEILOEIRO],,,,sem_data,SP,"Rua Aristides Crivellaro, 228, Valinhos - SP, 13279-813, Brasil",,,https://www.vipleiloes.com.br/,https://www.vipleiloes.com.br/,mapa,,,• Pátio de leiloeiro (leilões diários/semanais) • Entre no site e veja se há leilão ativo nesse pátio.
[PÁTIO DO LEILOEIRO] VIP LEILÕES SÃO PAULO - SP,[PÁTIO DO LEILOEIRO],,,,sem_data,SP,"Praça dos Omaguás, 98 - Pinheiros, São Paulo - SP, 05419-020",,,https://www.vipleiloes.com.br/,https://www.vipleiloes.com.br/,mapa,,,• Pátio de leiloeiro (leilões diários/semanais) • Entre no site e veja se há leilão ativo nesse pátio.
[PÁTIO DO LEILOEIRO] VIP LEILÕES SÃO PAULO - SP,[PÁTIO DO LEILOEIRO],,,,sem_data,SP,"Rua Aristides Crivellaro, Valinhos - SP, 13279-813, Brasil",,,https://www.vipleiloes.com.br/,https://www.vipleiloes.com.br/,mapa,,,• Pátio de leiloeiro (leilões diários/semanais) • Entre no site e veja se há leilão ativo nesse pátio.
[PÁTIO DO LEILOEIRO]  JOÃO EMILIO RIO DE JANEIRO - RJ,[PÁTIO DO LEILOEIRO],,,,sem_data,RJ,"Estrada dos Bandeirantes, 10.639 Recreio dos Bandeirantes - CEP: 22783-116 Rio de Janeiro - RJ",,,https://www.joaoemilio.com.br/,https://www.joaoemilio.com.br/,mapa,,,• Pátio de leiloeiro (leilões diários/semanais) • Entre no site e veja se há leilão ativo nesse pátio.
[PÁTIO DO LEILOEIRO] FAVARETO LEILÕES CURITIBA - PR,[PÁTIO DO LEILOEIRO],,,,sem_data,PR,"R. Eduardo Pinto da Rocha, 4545 - Sítio Cercado, Curitiba - PR, 81935-000, Brasil",,,https://www.favaretoleiloes.com.br/leiloes/,https://www.favaretoleiloes.com.br/leiloes/,mapa,,,• Pátio de leiloeiro (leilões diários/semanais) • Entre no site e veja se há leilão ativo nesse pátio.
[PÁTIO DO LEILOEIRO] CLAUDIO KUSS  CURITIBA - PR,[PÁTIO DO LEILOEIRO],,,,sem_data,PR,"Rua João Lunardelli, 2095 - Cidade Industrial de Curitiba, Curitiba - PR, 81460-100",,,https://www.claudiokussleiloes.com.br/,https://www.claudiokussleiloes.com.br/,mapa,,,• Pátio de leiloeiro (leilões diários/semanais) • Entre no site e veja se há leilão ativo nesse pátio.
[PÁTIO DO LEILOEIRO] LOOP LEILOES  Mogi das Cruzes - SP,[PÁTIO DO LEILOEIRO],,,,sem_data,SP,"R. Projetada, Um - Vila Sao Francisco, Mogi das Cruzes - SP, 08735-273, Brasil",,,https://loopleiloes.com.br/,https://loopleiloes.com.br/,mapa,,,• Pátio de leiloeiro (leilões diários/semanais) • Entre no site e veja se há leilão ativo nesse pátio.
[PÁTIO DO LEILOEIRO] LOOP LEILOES Vila Água Funda - SP,[PÁTIO DO LEILOEIRO],,,,sem_data,SP,"R. Alexandre Aliperti, 351 - Vila Água Funda, São Paulo - SP, 04156-110, Brasil",,,https://loopleiloes.com.br/,https://loopleiloes.com.br/,mapa,,,• Pátio de leiloeiro (leilões diários/semanais) • Entre no site e veja se há leilão ativo nesse pátio.
[PÁTIO DO LEILOEIRO] LOOP LEILOES MOGI DASCRUZES- SP,[PÁTIO DO LEILOEIRO],,,,sem_data,SP,"Av. Vila Ema, 2425 - Vila Ema, São Paulo - SP, 03281-000, Brasil",,,https://loopleiloes.com.br/,https://loopleiloes.com.br/,mapa,,,• Pátio de leiloeiro (leilões diários/semanais) • Entre no site e veja se há leilão ativo nesse pátio.
[PÁTIO DO LEILOEIRO] LOOP LEILOES Jundiaí - SP,[PÁTIO DO LEILOEIRO],,,,sem_data,SP,"Av. Caminho de Goiás, 531 - Jardim Sao Bento, Jundiaí - SP, 13214-870, Brasil",,,https://loopleiloes.com.br/,https://loopleiloes.com.br/,mapa,,,• Pátio de leiloeiro (leilões diários/semanais) • Entre no site e veja se há leilão ativo nesse pátio.
[PÁTIO DO LEILOEIRO] LOOP LEILOES São Bernardo do Campo - SP,[PÁTIO DO LEILOEIRO],,,,sem_data,SP,"Estr. dos Alvarengas, 4018 - Assunção, São Bernardo do Campo - SP, 09850-550, Brasil",,,https://loopleiloes.com.br/,https://loopleiloes.com.br/,mapa,,,• Pátio de leiloeiro (leilões diários/semanais) • Entre no site e veja se há leilão ativo nesse pátio.
[PÁTIO DO LEILOEIRO] LOOP LEILOES  Forquilhinhas São José - SC,[PÁTIO DO LEILOEIRO],,,,sem_data,SC,"R. Mihail Dimitri Alves, 50 - Forquilhinhas, São José - SC, 88106-780, Brasil",,,https://loopleiloes.com.br/,https://loopleiloes.com.br/,mapa,,,• Pátio de leiloeiro (leilões diários/semanais) • Entre no site e veja se há leilão ativo nesse pátio.
[PÁTIO DO LEILOEIRO] LOOP LEILOES Uberlândia - MG,[PÁTIO DO LEILOEIRO],,,,sem_data,MG,"LOOP AUCTIONS, Ring Road Km 17.5 - BR-365, Km 10 - Patos de Minas, MG, Brasil",,,https://loopleiloes.com.br/,https://loopleiloes.com.br/,mapa,,,• Pátio de leiloeiro (leilões diários/semanais) • Entre no site e veja se há leilão ativo nesse pátio.
[PÁTIO DO LEILOEIRO] LOOP LEILOES  Betim - MG,[PÁTIO DO LEILOEIRO],,,,sem_data,MG,"Av. Engenheiro Gerhard Ett, 1115 - Paulo Camilo 3, Betim - MG",,,https://loopleiloes.com.br/,https://loopleiloes.com.br/,mapa,,,• Pátio de leiloeiro (leilões diários/semanais) • Entre no site e veja se há leilão ativo nesse pátio.
[PÁTIO DO LEILOEIRO] LOOP LEILOES São José dos Pinhais - PR,[PÁTIO DO LEILOEIRO],,,,sem_data,PR,"R. Dr. Murici, 3560 - Costeira, São José dos Pinhais - PR, 83015-290",,,https://loopleiloes.com.br/,https://loopleiloes.com.br/,mapa,,,• Pátio de leiloeiro (leilões diários/semanais) • Entre no site e veja se há leilão ativo nesse pátio.
[PÁTIO DO LEILOEIRO] LOOP LEILOES São José dos Pinhais - PR,[PÁTIO DO LEILOEIRO],,,,sem_data,PR,"R. Joroslau Sochaki, 921 - Ipê, São José dos Pinhais - PR, 83055-400, Brasil",,,https://loopleiloes.com.br/,https://loopleiloes.com.br/,mapa,,,• Pátio de leiloeiro (leilões diários/semanais) • Entre no site e veja se há leilão ativo nesse pátio.
[PÁTIO DO LEILOEIRO] LOOP LEILOES Gravataí - RS,[PÁTIO DO LEILOEIRO],,,,sem_data,RS,"Av. Gen. Motors, 1200 - Vila Morada Gaúcha, Gravataí - RS",,,https://loopleiloes.com.br/,https://loopleiloes.com.br/,mapa,,,• Pátio de leiloeiro (leilões diários/semanais) • Entre no site e veja se há leilão ativo nesse pátio.
[PÁTIO DO LEILOEIRO] LOOP LEILOES  Rio de Janeiro - RJ,[PÁTIO DO LEILOEIRO],,,,sem_data,RJ,"Rua do Alho, 1421 - Penha Circular, Rio de Janeiro - RJ, 21011-000",,,https://loopleiloes.com.br/,https://loopleiloes.com.br/,mapa,,,• Pátio de leiloeiro (leilões diários/semanais) • Entre no site e veja se há leilão ativo nesse pátio.
[PÁTIO DO LEILOEIRO] GUARIGLIA - SP,[PÁTIO DO LEILOEIRO],,,,sem_data,SP,"R. Ver. Geraldo Nogueira da Silva, 3501 - Bairro da Grama, Caçapava - SP, 12286-285",,,https://www.guariglialeiloes.com.br/,https://www.guariglialeiloes.com.br/,mapa,,,• Pátio de leiloeiro (leilões diários/semanais) • Entre no site e veja se há leilão ativo nesse pátio.
[PÁTIO DO LEILOEIRO] GUARIGLIA - SP,[PÁTIO DO LEILOEIRO],,,,sem_data,SP,"Rod. Pres. Dutra, 1500 - Vila Antônio Augusto Luiz, Caçapava - SP, 12286-140",,,https://www.guariglialeiloes.com.br/,https://www.guariglialeiloes.com.br/,mapa,,,• Pátio de leiloeiro (leilões diários/semanais) • Entre no site e veja se há leilão ativo nesse pátio.
[PÁTIO DO LEILOEIRO] GUARIGLIA - BA,[PÁTIO DO LEILOEIRO],,,,sem_data,BA,"8G55+H3 Caroba, Candeias - BA",,,https://www.guariglialeiloes.com.br/,https://www.guariglialeiloes.com.br/,mapa,,,• Pátio de leiloeiro (leilões diários/semanais) • Entre no site e veja se há leilão ativo nesse pátio.
[PÁTIO DO LEILOEIRO] LANCE CERTO - PE,[PÁTIO DO LEILOEIRO],,,,sem_data,PE,"Rio Mar Trade - Torre C, Av. República do Líbano, 251 - 811 - Pina, Recife - PE, 51110-132",,,https://www.lancecertoleiloes.com.br/home,https://www.lancecertoleiloes.com.br/home,mapa,,,• Pátio de leiloeiro (leilões diários/semanais) • Entre no site e veja se há leilão ativo nesse pátio.
[PÁTIO DO LEILOEIRO] LANCE CERTO - RN,[PÁTIO DO LEILOEIRO],,,,sem_data,RN,"R. Pres. Artur Bernardes, 779 B - Alecrim, Natal - RN, 59031-280",,,https://www.lancecertoleiloes.com.br/home,https://www.lancecertoleiloes.com.br/home,mapa,,,• Pátio de leiloeiro (leilões diários/semanais) • Entre no site e veja se há leilão ativo nesse pátio.
[PÁTIO DO LEILOEIRO] LEILO - GO,[PÁTIO DO LEILOEIRO],,,,sem_data,GO,"Av. Bela Vista, 1330 - Jardim Bela Vista, Aparecida de Goiânia - GO, 74920-803",,,https://www.leilo.com.br/,https://www.leilo.com.br/,mapa,,,• Pátio de leiloeiro (leilões diários/semanais) • Entre no site e veja se há leilão ativo nesse pátio.
[PÁTIO DO LEILOEIRO] LEILO - GO 2,[PÁTIO DO LEILOEIRO],,,,sem_data,GO,"Alameda 21 de Abril, 650 - Expansul, Aparecida de Goiânia - GO, 74986-750, Brasil",,,https://www.leilo.com.br/,https://www.leilo.com.br/,mapa,,,• Pátio de leiloeiro (leilões diários/semanais) • Entre no site e veja se há leilão ativo nesse pátio.
[PÁTIO DO LEILOEIRO] LEILO - PA,[PÁTIO DO LEILOEIRO],,,,sem_data,PA,"Av. Augusto Meira Filho, 1012 - Centro, Benevides - PA, 68795-000",,,https://www.leilo.com.br/,https://www.leilo.com.br/,mapa,,,• Pátio de leiloeiro (leilões diários/semanais) • Entre no site e veja se há leilão ativo nesse pátio.
[PÁTIO DO LEILOEIRO] LEILO - DF,[PÁTIO DO LEILOEIRO],,,,sem_data,DF,"QS 9 Lotes 15/17 - Arniqueira, Brasília - DF, 71976-540",,,https://www.leilo.com.br/,https://www.leilo.com.br/,mapa,,,• Pátio de leiloeiro (leilões diários/semanais) • Entre no site e veja se há leilão ativo nesse pátio.
[PÁTIO DO LEILOEIRO] LEILO - MS,[PÁTIO DO LEILOEIRO],,,,sem_data,MS,"R. Copaíba, 2241 - Moreninha, Campo Grande - MS, 79065-710, Brasil",,,https://www.leilo.com.br/,https://www.leilo.com.br/,mapa,,,• Pátio de leiloeiro (leilões diários/semanais) • Entre no site e veja se há leilão ativo nesse pátio.
[PÁTIO DO LEILOEIRO] LEILO - RO,[PÁTIO DO LEILOEIRO],,,,sem_data,RO,"R. Daniela - Ipanema, Porto Velho - RO, Brasil",,,https://www.leilo.com.br/,https://www.leilo.com.br/,mapa,,,• Pátio de leiloeiro (leilões diários/semanais) • Entre no site e veja se há leilão ativo nesse pátio.
[PÁTIO DO LEILOEIRO] LEILO - AP,[PÁTIO DO LEILOEIRO],,,,sem_data,AP,"-R. 2 do Marabaixo, 9 - 20 - Marabaixo, Macapá - AP",,,,,mapa,,,• Pátio de leiloeiro (leilões diários/semanais) • Entre no site e veja se há leilão ativo nesse pátio.
[PÁTIO DO LEILOEIRO] LEILO - MT,[PÁTIO DO LEILOEIRO],,,,sem_data,MT,"Av. Fernando Corrêa da Costa, 6645 - Novo Horizonte, Cuiabá - MT",,,,,mapa,,,• Pátio de leiloeiro (leilões diários/semanais) • Entre no site e veja se há leilão ativo nesse pátio.
[PÁTIO DO LEILOEIRO] LEILO - CE,[PÁTIO DO LEILOEIRO],,,,sem_data,CE,"R. Neusa de Freitas Sá - Jabuti, Eusébio - CE",,,https://www.leilo.com.br/,https://www.leilo.com.br/,mapa,,,• Pátio de leiloeiro (leilões diários/semanais) • Entre no site e veja se há leilão ativo nesse pátio.
[PÁTIO DO LEILOEIRO] LEILO - TO,[PÁTIO DO LEILOEIRO],,,,sem_data,TO,"QUADRA 412 NORTE, sem numero PLANO DIRETOR NORTE PALMAS TO",,,,,mapa,,,• Pátio de leiloeiro (leilões diários/semanais) • Entre no site e veja se há leilão ativo nesse pátio.
[PÁTIO DO LEILOEIRO] LEILO - AM,[PÁTIO DO LEILOEIRO],,,,sem_data,AM,"R. Waldemar Jardim Maués, 1270 - Novo Aleixo, Manaus - AM, 69098-455",,,https://www.leilo.com.br/,https://www.leilo.com.br/,mapa,,,• Pátio de leiloeiro (leilões diários/semanais) • Entre no site e veja se há leilão ativo nesse pátio.
[PÁTIO DO LEILOEIRO] LEILO - BA,[PÁTIO DO LEILOEIRO],,,,sem_data,BA,"Rua Quatorze de Agosto, R. Quatorze de Agosto - Triângulo, Candeias - BA, 43815-020, Brasil",,,https://www.leilo.com.br/,https://www.leilo.com.br/,mapa,,,• Pátio de leiloeiro (leilões diários/semanais) • Entre no site e veja se há leilão ativo nesse pátio.
[PÁTIO DO LEILOEIRO] LEILO - ES,[PÁTIO DO LEILOEIRO],,,,sem_data,ES,"Avenida Roma, Av. Roma - Parque Res. de Tubarão, Serra - ES, 29171-708, Brasil",,,https://www.leilo.com.br/,https://www.leilo.com.br/,mapa,,,• Pátio de leiloeiro (leilões diários/semanais) • Entre no site e veja se há leilão ativo nesse pátio.
[PÁTIO DO LEILOEIRO] LEILO - SP,[PÁTIO DO LEILOEIRO],,,,sem_data,SP,"R. Alessandro Di Salvo, 55 - São Carlos, SP, 13571-511",,,https://www.leilo.com.br/,https://www.leilo.com.br/,mapa,,,• Pátio de leiloeiro (leilões diários/semanais) • Entre no site e veja se há leilão ativo nesse pátio.
[PÁTIO DO LEILOEIRO] LEILO - RS,[PÁTIO DO LEILOEIRO],,,,sem_data,RS,"Av. Pres. Getúlio Vargas, 5037 - Maria Regina, Alvorada - RS, 94836",,,https://www.leilo.com.br/,https://www.leilo.com.br/,mapa,,,• Pátio de leiloeiro (leilões diários/semanais) • Entre no site e veja se há leilão ativo nesse pátio.
[PÁTIO DO LEILOEIRO] LEILO - PR,[PÁTIO DO LEILOEIRO],,,,sem_data,PR,"R. Frei Basílio Roewer Ofm, 305 B - Guatupê, São José dos Pinhais - PR, 83065-450",,,https://www.leilo.com.br/,https://www.leilo.com.br/,mapa,,,• Pátio de leiloeiro (leilões diários/semanais) • Entre no site e veja se há leilão ativo nesse pátio.
[PÁTIO DO LEILOEIRO] PESTANA - RS,[PÁTIO DO LEILOEIRO],,,,sem_data,RS,"Escritórios Boutique - Av. João Wallig, 1800 - Conjunto 4005 - Passo d'Areia, Porto Alegre - RS, 91340-000",,,https://www.pestanaleiloes.com.br/,https://www.pestanaleiloes.com.br/,mapa,,,• Pátio de leiloeiro (leilões diários/semanais) • Entre no site e veja se há leilão ativo nesse pátio.
[PÁTIO DO LEILOEIRO] PESTANA - SC,[PÁTIO DO LEILOEIRO],,,,sem_data,SC,"Rua Angelo José da Silva, 311 - Pernambuco, Tijucas - SC, 88200-000, Brasil",,,https://www.pestanaleiloes.com.br/,https://www.pestanaleiloes.com.br/,mapa,,,• Pátio de leiloeiro (leilões diários/semanais) • Entre no site e veja se há leilão ativo nesse pátio.
[PÁTIO DO LEILOEIRO] PESTANA - SP,[PÁTIO DO LEILOEIRO],,,,sem_data,SP,"Rod. Índio Tibiriçá, 14435 - Rincão das Lendas, Suzano - SP, 08655-000",,,https://www.pestanaleiloes.com.br/,https://www.pestanaleiloes.com.br/,mapa,,,• Pátio de leiloeiro (leilões diários/semanais) • Entre no site e veja se há leilão ativo nesse pátio.
[PÁTIO DO LEILOEIRO] MGL - MG,[PÁTIO DO LEILOEIRO],,,,sem_data,MG,"R. do Dêgo, 210 - Santa Monica, Itaúna - MG, 35681-246",,,https://www.mgl.com.br/,https://www.mgl.com.br/,mapa,,,• Pátio de leiloeiro (leilões diários/semanais) • Entre no site e veja se há leilão ativo nesse pátio.
[PÁTIO DO LEILOEIRO] GRUPO CARVALHO SANTA CRUZ DO RIO PARDO - SP,[PÁTIO DO LEILOEIRO],,,,sem_data,SP,"RUA CONSELHEIRO ANTONIO PRADO, 1026, - SANTA CRUZ DO RIO PARDO/SP",,,https://grupocarvalholeiloes.com.br/,https://grupocarvalholeiloes.com.br/,mapa,,,• Pátio de leiloeiro (leilões diários/semanais) • Entre no site e veja se há leilão ativo nesse pátio.
"[PÁTIO DO LEILOEIRO] PARQUE DOS LEILÕES, BRASÍLIA - DF",[PÁTIO DO LEILOEIRO],,,,sem_data,DF,"Guará II QE 38 - Guará, Brasília - DF, 71070-680",,,https://www.parquedosleiloes.com.br/,https://www.parquedosleiloes.com.br/,mapa,,,• Pátio de leiloeiro (leilões diários/semanais) • Entre no site e veja se há leilão ativo nesse pátio.
[PÁTIO DO LEILOEIRO] PSN CURITIBA - PR,[PÁTIO DO LEILOEIRO],,,,sem_data,PR,"Rua Senador Accioly Filho, 1625 - Cidade Industrial de Curitiba, Curitiba - PR, 81310-000",,,https://www.psnleiloes.com.br/,https://www.psnleiloes.com.br/,mapa,,,• Pátio de leiloeiro (leilões diários/semanais) • Entre no site e veja se há leilão ativo nesse pátio.
[PÁTIO DO LEILOEIRO] COPART - MG,[PÁTIO DO LEILOEIRO],,,,sem_data,MG,"Rodovia Br-262,Km 359, Betim, 32631505",,,https://www.copart.com.br/,https://www.copart.com.br/,mapa,,,• Pátio de leiloeiro (leilões diários/semanais) • Entre no site e veja se há leilão ativo nesse pátio.
[PÁTIO DO LEILOEIRO] COPART - PR,[PÁTIO DO LEILOEIRO],,,,sem_data,PR,"Estr. da Roseira, 6725 - Borda do Campo, São José dos Pinhais - PR, 83075-010, Brasil",,,https://www.copart.com.br/,https://www.copart.com.br/,mapa,,,• Pátio de leiloeiro (leilões diários/semanais) • Entre no site e veja se há leilão ativo nesse pátio.
[PÁTIO DO LEILOEIRO] COPART - CE,[PÁTIO DO LEILOEIRO],,,,sem_data,CE,"Av. Atlântica, 7000, Eusébio - CE, 61760-000, Brasil",,,https://www.copart.com.br/,https://www.copart.com.br/,mapa,,,• Pátio de leiloeiro (leilões diários/semanais) • Entre no site e veja se há leilão ativo nesse pátio.
[PÁTIO DO LEILOEIRO] COPART -  SP,[PÁTIO DO LEILOEIRO],,,,sem_data,SP,"Estr. Muranaka, 199 - Jardim Novo Horizonte, Itaquaquecetuba - SP, 08597-230, Brasil",,,https://www.copart.com.br/,https://www.copart.com.br/,mapa,,,• Pátio de leiloeiro (leilões diários/semanais) • Entre no site e veja se há leilão ativo nesse pátio.
[PÁTIO DO LEILOEIRO] COPART - SP,[PÁTIO DO LEILOEIRO],,,,sem_data,SP,"Estr. dos Romeiros, 3000, Pirapora do Bom Jesus - SP, 06550-000, Brasil",,,https://www.copart.com.br/,https://www.copart.com.br/,mapa,,,• Pátio de leiloeiro (leilões diários/semanais) • Entre no site e veja se há leilão ativo nesse pátio.
[PÁTIO DO LEILOEIRO] COPART - SP,[PÁTIO DO LEILOEIRO],,,,sem_data,SP,"Av. Olavo Fontoura, 1209 - Parque Anhembi, São Paulo - SP, 02001-965, Brasil",,,https://www.copart.com.br/,https://www.copart.com.br/,mapa,,,• Pátio de leiloeiro (leilões diários/semanais) • Entre no site e veja se há leilão ativo nesse pátio.
[PÁTIO DO LEILOEIRO] COPART - RS,[PÁTIO DO LEILOEIRO],,,,sem_data,RS,"BR-386, 442 - São Luís, Canoas - RS, 92330, Brasil",,,https://www.copart.com.br/,https://www.copart.com.br/,mapa,,,• Pátio de leiloeiro (leilões diários/semanais) • Entre no site e veja se há leilão ativo nesse pátio.
[PÁTIO DO LEILOEIRO] COPART - SP,[PÁTIO DO LEILOEIRO],,,,sem_data,SP,"Estr. Doná Maria José Ferraz Prado, 1700 - Chácaras Bartira, Embu das Artes - SP, 06845-420, Brasil",,,https://www.copart.com.br/,https://www.copart.com.br/,mapa,,,• Pátio de leiloeiro (leilões diários/semanais) • Entre no site e veja se há leilão ativo nesse pátio.
[PÁTIO DO LEILOEIRO] COPART - GO,[PÁTIO DO LEILOEIRO],,,,sem_data,GO,"BR-153, km17 - St. Central, Aparecida de Goiânia - GO, 74980-180, Brasil",,,https://www.copart.com.br/,https://www.copart.com.br/,mapa,,,• Pátio de leiloeiro (leilões diários/semanais) • Entre no site e veja se há leilão ativo nesse pátio.
[PÁTIO DO LEILOEIRO] COPART - SP,[PÁTIO DO LEILOEIRO],,,,sem_data,SP,"Rua Henry Ford, 965, Osasco, Sp",,,https://www.copart.com.br/,https://www.copart.com.br/,mapa,,,• Pátio de leiloeiro (leilões diários/semanais) • Entre no site e veja se há leilão ativo nesse pátio.
[PÁTIO DO LEILOEIRO] COPART - PE,[PÁTIO DO LEILOEIRO],,,,sem_data,PE,"R. Dr. George Wiliam Butler, 432 - Curado, Recife - PE, 50950-000, Brasil",,,https://www.copart.com.br/,https://www.copart.com.br/,mapa,,,• Pátio de leiloeiro (leilões diários/semanais) • Entre no site e veja se há leilão ativo nesse pátio.
[PÁTIO DO LEILOEIRO] COPART - PE,[PÁTIO DO LEILOEIRO],,,,sem_data,PE,"Rodovia Luiz Gonzaga, 153, Vitoria De Santo Antao, Pe",,,https://www.copart.com.br/,https://www.copart.com.br/,mapa,,,• Pátio de leiloeiro (leilões diários/semanais) • Entre no site e veja se há leilão ativo nesse pátio.
[PÁTIO DO LEILOEIRO] COPART - PARCEIRA OU AFILIADOS -  MS,[PÁTIO DO LEILOEIRO],,,,sem_data,MS,"R. Rio Claro, 1809 - Chácara dos Poderes, Campo Grande - MS, 79037-090, Brasil",,,https://www.copart.com.br/,https://www.copart.com.br/,mapa,,,• Pátio de leiloeiro (leilões diários/semanais) • Entre no site e veja se há leilão ativo nesse pátio.
[PÁTIO DO LEILOEIRO] COPART - PARCEIRA OU AFILIADOS -  MT,[PÁTIO DO LEILOEIRO],,,,sem_data,MT,"Avenida Ayrton Senna Da Silva,Coxipó Da Ponte, Mt",,,https://www.copart.com.br/,https://www.copart.com.br/,mapa,,,• Pátio de leiloeiro (leilões diários/semanais) • Entre no site e veja se há leilão ativo nesse pátio.
[PÁTIO DO LEILOEIRO] COPART - PARCEIRA OU AFILIADOS -  CE,[PÁTIO DO LEILOEIRO],,,,sem_data,CE,"R. Ademar Paula, 1000 - Esplanada do Castelão, Fortaleza - CE, 60867-640, Brasil",,,https://www.copart.com.br/,https://www.copart.com.br/,mapa,,,• Pátio de leiloeiro (leilões diários/semanais) • Entre no site e veja se há leilão ativo nesse pátio.
[PÁTIO DO LEILOEIRO] COPART - PARCEIRA OU AFILIADOS -  SP,[PÁTIO DO LEILOEIRO],,,,sem_data,SP,"Av. Domingos de Souza Marques, 164 - Parque Sao Domingos, São Paulo - SP, 05113-020, Brasil",,,https://www.copart.com.br/,https://www.copart.com.br/,mapa,,,• Pátio de leiloeiro (leilões diários/semanais) • Entre no site e veja se há leilão ativo nesse pátio.
[PÁTIO DO LEILOEIRO] COPART - PARCEIRA OU AFILIADOS -  SP,[PÁTIO DO LEILOEIRO],,,,sem_data,SP,"R. Dianópolis, 550 - Vila Prudente, São Paulo - SP, 03125-100, Brasil",,,https://www.copart.com.br/,https://www.copart.com.br/,mapa,,,• Pátio de leiloeiro (leilões diários/semanais) • Entre no site e veja se há leilão ativo nesse pátio.
[PÁTIO DO LEILOEIRO] COPART - PARCEIRA OU AFILIADOS -  SP,[PÁTIO DO LEILOEIRO],,,,sem_data,SP,"Rod. Anhanguera, Km 306 - Recreio Anhanguera, Ribeirão Preto - SP, 14097-140, Brasil",,,https://www.copart.com.br/,https://www.copart.com.br/,mapa,,,• Pátio de leiloeiro (leilões diários/semanais) • Entre no site e veja se há leilão ativo nesse pátio.
[PÁTIO DO LEILOEIRO] COPART - PARCEIRA OU AFILIADOS -  BA,[PÁTIO DO LEILOEIRO],,,,sem_data,BA,"Rua Fazenda São João - Rodovia Ba 522, Km 01, S 0, Candeias, Ba 43841000",,,https://www.copart.com.br/,https://www.copart.com.br/,mapa,,,• Pátio de leiloeiro (leilões diários/semanais) • Entre no site e veja se há leilão ativo nesse pátio.
[PÁTIO DO LEILOEIRO] COPART - PARCEIRA OU AFILIADOS -  CE,[PÁTIO DO LEILOEIRO],,,,sem_data,CE,"R. Antônio Alexandrino dos Réis, 347 - Passaré, Fortaleza - CE, 60743-732, Brasil",,,https://www.copart.com.br/,https://www.copart.com.br/,mapa,,,• Pátio de leiloeiro (leilões diários/semanais) • Entre no site e veja se há leilão ativo nesse pátio.
[PÁTIO DO LEILOEIRO] COPART - PARCEIRA OU AFILIADOS -  GO,[PÁTIO DO LEILOEIRO],,,,sem_data,GO,"Avenida Guaranís, Av. Guaranís - Aparecida de Goiânia, GO, 74993-120, Brasil",,,https://www.copart.com.br/,https://www.copart.com.br/,mapa,,,• Pátio de leiloeiro (leilões diários/semanais) • Entre no site e veja se há leilão ativo nesse pátio.
[PÁTIO DO LEILOEIRO] COPART - PARCEIRA OU AFILIADOS -  AM,[PÁTIO DO LEILOEIRO],,,,sem_data,AM,"R. Ramiro Santos, 4 - Tarumã, Manaus - AM, 69022-107, Brasil",,,https://www.copart.com.br/,https://www.copart.com.br/,mapa,,,• Pátio de leiloeiro (leilões diários/semanais) • Entre no site e veja se há leilão ativo nesse pátio.
[PÁTIO DO LEILOEIRO] COPART - PARCEIRA OU AFILIADOS -  PE,[PÁTIO DO LEILOEIRO],,,,sem_data,PE,"BR-408, 175 - Curado IV, Jaboatão dos Guararapes - PE, 54270-160, Brasil",,,https://www.copart.com.br/,https://www.copart.com.br/,mapa,,,• Pátio de leiloeiro (leilões diários/semanais) • Entre no site e veja se há leilão ativo nesse pátio.
[PÁTIO DO LEILOEIRO] MGL -,[PÁTIO DO LEILOEIRO],,,,sem_data,MG,"R. Idalina Dornas, 37 - Universitário Itaúna, Itaúna - MG, 35681-156, Brasil",,,https://www.mgl.com.br/online/1/4/,https://www.mgl.com.br/online/1/4/,mapa,,,• Pátio de leiloeiro (leilões diários/semanais) • Entre no site e veja se há leilão ativo nesse pátio.
[PÁTIO DO LEILOEIRO] PESTANA LEILÕES - SP,[PÁTIO DO LEILOEIRO],,,,sem_data,SP,"Estrada Keida Harada, 390 - Ipelândia - Suzano SP",,,https://www.pestanaleiloes.com.br/,https://www.pestanaleiloes.com.br/,mapa,,,• Pátio de leiloeiro (leilões diários/semanais) • Entre no site e veja se há leilão ativo nesse pátio.
[PÁTIO DO LEILOEIRO] PESTANA LEILÕES - SC,[PÁTIO DO LEILOEIRO],,,,sem_data,SC,"Rua Angelo José da Silva, 311 - Pernambuco - Tijucas SC",,,https://www.pestanaleiloes.com.br/,https://www.pestanaleiloes.com.br/,mapa,,,• Pátio de leiloeiro (leilões diários/semanais) • Entre no site e veja se há leilão ativo nesse pátio.
[PÁTIO DO LEILOEIRO] PESTANA LEILÕES - RS,[PÁTIO DO LEILOEIRO],,,,sem_data,RS,"BR-386, Nova Santa Rita - RS, Brasil",,,https://www.pestanaleiloes.com.br/,https://www.pestanaleiloes.com.br/,mapa,,,• Pátio de leiloeiro (leilões diários/semanais) • Entre no site e veja se há leilão ativo nesse pátio.
[PÁTIO DO LEILOEIRO] COLISEUM LEILOES - PE,[PÁTIO DO LEILOEIRO],,,,sem_data,PE,"Rod. Luiz Gonzaga BR 232, nº 153 - Km 41 Vitória de St. Antão/PE",,,http://www.coliseumleiloes.com.br/site/index.php,http://www.coliseumleiloes.com.br/site/index.php,mapa,,,• Pátio de leiloeiro (leilões diários/semanais) • Entre no site e veja se há leilão ativo nesse pátio.
[PÁTIO DO LEILOEIRO] FREITAS LEILOES - SP,[PÁTIO DO LEILOEIRO],,,,sem_data,SP,"Av. dos Estados, 6980 - Parque Central, Santo André - SP, 09210-580",,,https://www.freitasleiloeiro.com.br/,https://www.freitasleiloeiro.com.br/,mapa,,,• Pátio de leiloeiro (leilões diários/semanais) • Entre no site e veja se há leilão ativo nesse pátio.
[PÁTIO DO LEILOEIRO] FREITAS LEILOES - SP,[PÁTIO DO LEILOEIRO],,,,sem_data,SP,"Av. dos Estados, 584 - Utinga, Santo André - SP, 09210-580",,,https://www.freitasleiloeiro.com.br/,https://www.freitasleiloeiro.com.br/,mapa,,,• Pátio de leiloeiro (leilões diários/semanais) • Entre no site e veja se há leilão ativo nesse pátio.
[PÁTIO DO LEILOEIRO] KWARA - BA,[PÁTIO DO LEILOEIRO],,,,sem_data,BA,"Candeias BA, Distrito Industrial, Candeias - BA, 43820-270, Brasil",,,https://www.kwara.com.br/,https://www.kwara.com.br/,mapa,,,• Pátio de leiloeiro (leilões diários/semanais) • Entre no site e veja se há leilão ativo nesse pátio.
[PÁTIO DO LEILOEIRO] KWARA - GO,[PÁTIO DO LEILOEIRO],,,,sem_data,GO,Garavelo Sul - Hidrolândia/GO,,,https://www.kwara.com.br/,https://www.kwara.com.br/,mapa,,,• Pátio de leiloeiro (leilões diários/semanais) • Entre no site e veja se há leilão ativo nesse pátio.
[PÁTIO DO LEILOEIRO] KWARA - MG,[PÁTIO DO LEILOEIRO],,,,sem_data,MG,Perpétuo Socorro - Belo Oriente/MG,,,https://www.kwara.com.br/,https://www.kwara.com.br/,mapa,,,• Pátio de leiloeiro (leilões diários/semanais) • Entre no site e veja se há leilão ativo nesse pátio.
[PÁTIO DO LEILOEIRO] KWARA - MS,[PÁTIO DO LEILOEIRO],,,,sem_data,MS,"Ribas do Rio Pardo, MS, 79180-000, Brasil",,,https://www.kwara.com.br/,https://www.kwara.com.br/,mapa,,,• Pátio de leiloeiro (leilões diários/semanais) • Entre no site e veja se há leilão ativo nesse pátio.
[PÁTIO DO LEILOEIRO] KWARA - PA,[PÁTIO DO LEILOEIRO],,,,sem_data,PA,"Paricatuba, Benfica, Benevides - PA, 68795-000, Brasil",,,https://www.kwara.com.br/,https://www.kwara.com.br/,mapa,,,• Pátio de leiloeiro (leilões diários/semanais) • Entre no site e veja se há leilão ativo nesse pátio.
[PÁTIO DO LEILOEIRO] KWARA - PA,[PÁTIO DO LEILOEIRO],,,,sem_data,PA,"Parque dos Carajás, R. Caetê, Parauapebas - PA, 68515-000, Brasil",,,https://www.kwara.com.br/,https://www.kwara.com.br/,mapa,,,• Pátio de leiloeiro (leilões diários/semanais) • Entre no site e veja se há leilão ativo nesse pátio.
[PÁTIO DO LEILOEIRO] KWARA - PR,[PÁTIO DO LEILOEIRO],,,,sem_data,PR,"Fazenda Velha, Araucária - PR, Brasil",,,https://www.kwara.com.br/,https://www.kwara.com.br/,mapa,,,• Pátio de leiloeiro (leilões diários/semanais) • Entre no site e veja se há leilão ativo nesse pátio.
[PÁTIO DO LEILOEIRO] KWARA - PR,[PÁTIO DO LEILOEIRO],,,,sem_data,PR,Jardim Rosicler - Londrina/PR,,,https://www.kwara.com.br/,https://www.kwara.com.br/,mapa,,,• Pátio de leiloeiro (leilões diários/semanais) • Entre no site e veja se há leilão ativo nesse pátio.
[PÁTIO DO LEILOEIRO] KWARA - PR,[PÁTIO DO LEILOEIRO],,,,sem_data,PR,"Telêmaco Borba, PR, Brasil",,,https://www.kwara.com.br/,https://www.kwara.com.br/,mapa,,,• Pátio de leiloeiro (leilões diários/semanais) • Entre no site e veja se há leilão ativo nesse pátio.
[PÁTIO DO LEILOEIRO] KWARA - RJ,[PÁTIO DO LEILOEIRO],,,,sem_data,RJ,"Vila Actura, Duque de Caxias - RJ, 25265-008, Brasil",,,https://www.kwara.com.br/,https://www.kwara.com.br/,mapa,,,• Pátio de leiloeiro (leilões diários/semanais) • Entre no site e veja se há leilão ativo nesse pátio.
[PÁTIO DO LEILOEIRO] KWARA - RJ,[PÁTIO DO LEILOEIRO],,,,sem_data,RJ,"Botafogo, Rio de Janeiro - RJ, Brasil",,,https://www.kwara.com.br/,https://www.kwara.com.br/,mapa,,,• Pátio de leiloeiro (leilões diários/semanais) • Entre no site e veja se há leilão ativo nesse pátio.
[PÁTIO DO LEILOEIRO] KWARA - RS,[PÁTIO DO LEILOEIRO],,,,sem_data,RS,"Neópolis, Gravataí - RS, Brasil",,,https://www.kwara.com.br/,https://www.kwara.com.br/,mapa,,,• Pátio de leiloeiro (leilões diários/semanais) • Entre no site e veja se há leilão ativo nesse pátio.
[PÁTIO DO LEILOEIRO] KWARA - SP,[PÁTIO DO LEILOEIRO],,,,sem_data,SP,"R. Joaquim Lacerda Coelho, 647 - Jardim Capivari, Campinas - SP, 13050-800, Brasil",,,https://www.kwara.com.br/,https://www.kwara.com.br/,mapa,,,• Pátio de leiloeiro (leilões diários/semanais) • Entre no site e veja se há leilão ativo nesse pátio.
[PÁTIO DO LEILOEIRO] KWARA - SP,[PÁTIO DO LEILOEIRO],,,,sem_data,SP,"Jardim Elisa, Embu das Artes - SP, 06810-450, Brasil",,,https://www.kwara.com.br/,https://www.kwara.com.br/,mapa,,,• Pátio de leiloeiro (leilões diários/semanais) • Entre no site e veja se há leilão ativo nesse pátio.
[PÁTIO DO LEILOEIRO] KWARA - SP,[PÁTIO DO LEILOEIRO],,,,sem_data,SP,"Cuiabá, Itaquaquecetuba - SP, 08591, Brasil",,,https://www.kwara.com.br/,https://www.kwara.com.br/,mapa,,,• Pátio de leiloeiro (leilões diários/semanais) • Entre no site e veja se há leilão ativo nesse pátio.
[PÁTIO DO LEILOEIRO] KWARA - SP,[PÁTIO DO LEILOEIRO],,,,sem_data,SP,"Vila Invernada, São Paulo - SP, Brasil",,,https://www.kwara.com.br/,https://www.kwara.com.br/,mapa,,,• Pátio de leiloeiro (leilões diários/semanais) • Entre no site e veja se há leilão ativo nesse pátio.
[PÁTIO DO LEILOEIRO] KWARA - SP,[PÁTIO DO LEILOEIRO],,,,sem_data,SP,"Jardim Triangulo, Taboão da Serra - SP, Brasil",,,https://www.kwara.com.br/,https://www.kwara.com.br/,mapa,,,• Pátio de leiloeiro (leilões diários/semanais) • Entre no site e veja se há leilão ativo nesse pátio.
[PÁTIO DO LEILOEIRO] LEILÕES PB -,[PÁTIO DO LEILOEIRO],,,,sem_data,PB,"7.140816, -34.920914 - Manguinhos, Bayeux - PB, 58111-001",,,https://www.leiloespb.com.br/,https://www.leiloespb.com.br/,mapa,,,• Pátio de leiloeiro (leilões diários/semanais) • Entre no site e veja se há leilão ativo nesse pátio.
[PÁTIO DO LEILOEIRO] PARQUE DOS LEILÕES - DF,[PÁTIO DO LEILOEIRO],,,,sem_data,DF,"Guará II - Guará, Brasília - DF, Brasil",,,https://www.parquedosleiloes.com.br/,https://www.parquedosleiloes.com.br/,mapa,,,• Pátio de leiloeiro (leilões diários/semanais) • Entre no site e veja se há leilão ativo nesse pátio.
[PÁTIO DO LEILOEIRO] PALACIO DOS LEILÕES - MG,[PÁTIO DO LEILOEIRO],,,,sem_data,MG,"BR-262, 375 - Boa Vista da Serra, Juatuba - MG, 35675-000, Brasil",,,https://www.palaciodosleiloes.com.br/,https://www.palaciodosleiloes.com.br/,mapa,,,• Pátio de leiloeiro (leilões diários/semanais) • Entre no site e veja se há leilão ativo nesse pátio.
[PÁTIO DO LEILOEIRO] PALACIO DOS LEILÕES - SP,[PÁTIO DO LEILOEIRO],,,,sem_data,SP,"SP-330, São Simão - SP, Brasil",,,https://www.palaciodosleiloes.com.br/,https://www.palaciodosleiloes.com.br/,mapa,,,• Pátio de leiloeiro (leilões diários/semanais) • Entre no site e veja se há leilão ativo nesse pátio.
[PÁTIO DO LEILOEIRO] PALACIO DOS LEILÕES - BA,[PÁTIO DO LEILOEIRO],,,,sem_data,BA,"Via periférica Waldyr Beira, n° 4709, Vila CIA Sul, Simões Filho - BA, 43700-000",,,https://www.palaciodosleiloes.com.br/,https://www.palaciodosleiloes.com.br/,mapa,,,• Pátio de leiloeiro (leilões diários/semanais) • Entre no site e veja se há leilão ativo nesse pátio.
[PÁTIO DO LEILOEIRO] ROGERIO MENEZES,[PÁTIO DO LEILOEIRO],,,,sem_data,RJ,"Av. Brasil, 51.467 - Campo Grande - Rio de Janeiro - RJ",,,https://www.rogeriomenezes.com.br/,https://www.rogeriomenezes.com.br/,mapa,,,• Pátio de leiloeiro (leilões diários/semanais) • Entre no site e veja se há leilão ativo nesse pátio.
[PÁTIO DO LEILOEIRO] SATO LEILÕES,[PÁTIO DO LEILOEIRO],,,,sem_data,SP,"Tv. Cmte. Salgado, 75 - b - Fundação, São Caetano do Sul - SP, 09520-330, Brasil",,,https://www.satoleiloes.com.br/,https://www.satoleiloes.com.br/,mapa,,,• Pátio de leiloeiro (leilões diários/semanais) • Entre no site e veja se há leilão ativo nesse pátio.
[PÁTIO DO LEILOEIRO] SUMARE LEILÕES - SP,[PÁTIO DO LEILOEIRO],,,,sem_data,SP,"Estr. Mun. Teodor Condiev, 970 - Jardim Res. Veccon, Sumaré - SP, 13171-105, Brasil",,,https://www.sumareleiloes.com.br/,https://www.sumareleiloes.com.br/,mapa,,,• Pátio de leiloeiro (leilões diários/semanais) • Entre no site e veja se há leilão ativo nesse pátio.
[PÁTIO DO LEILOEIRO] VARDANA LEILÕES - PR,[PÁTIO DO LEILOEIRO],,,,sem_data,PR,"Rua Cyro Correia Pereira, 1223 - Cidade Industrial de Curitiba, Curitiba - PR, 81460-050, Brasil",,,https://www.vardanaleiloes.com.br/vardana/index,https://www.vardanaleiloes.com.br/vardana/index,mapa,,,• Pátio de leiloeiro (leilões diários/semanais) • Entre no site e veja se há leilão ativo nesse pátio.
[PÁTIO DO LEILOEIRO] E-CONFIANÇA - SP,[PÁTIO DO LEILOEIRO],,,,sem_data,SP,"SP Mais Segurança e Serviços, Av. Pres. Juscelino Kubitschek, 1455 - 4° andar - Itaim Bibi, São Paulo - SP, 04543-011, Brasil",,,https://www.confiancaleiloes.leilao.br/,https://www.confiancaleiloes.leilao.br/,mapa,,,• Pátio de leiloeiro (leilões diários/semanais) • Entre no site e veja se há leilão ativo nesse pátio.
[PÁTIO DO LEILOEIRO] E-CONFIANÇA - SP,[PÁTIO DO LEILOEIRO],,,,sem_data,SP,"Av. Braz Olaia Acosta, 727 - 5 andar - Jardim California, Ribeirão Preto - SP, 14026-040, Brasil",,,https://www.confiancaleiloes.leilao.br/,https://www.confiancaleiloes.leilao.br/,mapa,,,• Pátio de leiloeiro (leilões diários/semanais) • Entre no site e veja se há leilão ativo nesse pátio.
[PÁTIO DO LEILOEIRO] E-CONFIANÇA - MG,[PÁTIO DO LEILOEIRO],,,,sem_data,MG,"R. Ribamar, 379 - São João, Betim - MG, 32655-554, Brasil",,,https://www.confiancaleiloes.leilao.br/,https://www.confiancaleiloes.leilao.br/,mapa,,,• Pátio de leiloeiro (leilões diários/semanais) • Entre no site e veja se há leilão ativo nesse pátio.
[PÁTIO DO LEILOEIRO] E-CONFIANÇA - PR,[PÁTIO DO LEILOEIRO],,,,sem_data,PR,"10 - R. Comendador Araújo, 499 - Centro, Curitiba - PR, 80420-000, Brasil",,,https://www.confiancaleiloes.leilao.br/,https://www.confiancaleiloes.leilao.br/,mapa,,,• Pátio de leiloeiro (leilões diários/semanais) • Entre no site e veja se há leilão ativo nesse pátio.
[PÁTIO DO LEILOEIRO] ROCHA LEILÕES - BA,[PÁTIO DO LEILOEIRO],,,,sem_data,BA,"Pátio Rocha Leilões, BR-324, Km 527, 13225 - Humildes, Feira de Santana - BA, 44135-000, Brasil",,,https://www.patiorochaleiloes.com.br/,https://www.patiorochaleiloes.com.br/,mapa,,,• Pátio de leiloeiro (leilões diários/semanais) • Entre no site e veja se há leilão ativo nesse pátio.
[PÁTIO DO LEILOEIRO] GOLDEN LANCE - MG,[PÁTIO DO LEILOEIRO],,,,sem_data,MG,"R. Dr. Antônio de Carvalho Lage, 170 - Cidade Industrial, Contagem - MG, 32210-070",,,https://www.goldenlance.com.br/,https://www.goldenlance.com.br/,mapa,,,• Pátio de leiloeiro (leilões diários/semanais) • Entre no site e veja se há leilão ativo nesse pátio.
[PÁTIO DO LEILOEIRO] AJ LEILÕES -,[PÁTIO DO LEILOEIRO],,,,sem_data,MT,"Av. Aycar Saddi, 555 - Jardim Pres., Cuiabá - MT, 78090-025, Brasil",,,https://ajleiloes.bomvalor.com.br/,https://ajleiloes.bomvalor.com.br/,mapa,,,• Pátio de leiloeiro (leilões diários/semanais) • Entre no site e veja se há leilão ativo nesse pátio.
